{
  "Author": "Prittoto Pritto",
  "Name": "Prittoto Pritto's Party Pals Piss-up Plugin ♥",
  "InternalName": "PissUpPlugin",
  "AssemblyVersion": "1.0.0.0",
  "Description": "/pppp to open the UI and go from there. I'll update this when there's more info.",
  "ApplicableVersion": "any",
  "Tags": [
    "plugin",
    "chat"
  ],
  "DalamudApiLevel": 6,
  "LoadPriority": 0,
  "IconUrl": "https://ffxiv.gamerescape.com/w/images/9/97/Little_Flirt_Icon.png",
  "Punchline": "Testing out the plugin system with drinking games!"
}